CustomerID,CustomerName,Email,City
1,Customer_1,customer1@example.com,Delhi
2,Customer_2,customer2@example.com,Bangalore
3,Customer_3,customer3@example.com,Pune
4,Customer_4,customer4@example.com,Bangalore
5,Customer_5,customer5@example.com,Bangalore
6,Customer_6,customer6@example.com,Mumbai
7,Customer_7,customer7@example.com,Pune
8,Customer_8,customer8@example.com,Pune
9,Customer_9,customer9@example.com,Pune
10,Customer_10,customer10@example.com,Bangalore
11,Customer_11,customer11@example.com,Delhi
12,Customer_12,customer12@example.com,Pune
13,Customer_13,customer13@example.com,Bangalore
14,Customer_14,customer14@example.com,Mumbai
15,Customer_15,customer15@example.com,Delhi
16,Customer_16,customer16@example.com,Mumbai
17,Customer_17,customer17@example.com,Delhi
18,Customer_18,customer18@example.com,Bangalore
19,Customer_19,customer19@example.com,Nagpur
20,Customer_20,customer20@example.com,Delhi
21,Customer_21,customer21@example.com,Mumbai
22,Customer_22,customer22@example.com,Bangalore
23,Customer_23,customer23@example.com,Delhi
24,Customer_24,customer24@example.com,Nagpur
25,Customer_25,customer25@example.com,Nagpur
26,Customer_26,customer26@example.com,Pune
27,Customer_27,customer27@example.com,Pune
28,Customer_28,customer28@example.com,Mumbai
29,Customer_29,customer29@example.com,Delhi
30,Customer_30,customer30@example.com,Delhi
31,Customer_31,customer31@example.com,Pune
32,Customer_32,customer32@example.com,Delhi
33,Customer_33,customer33@example.com,Delhi
34,Customer_34,customer34@example.com,Nagpur
35,Customer_35,customer35@example.com,Pune
36,Customer_36,customer36@example.com,Bangalore
37,Customer_37,customer37@example.com,Pune
38,Customer_38,customer38@example.com,Bangalore
39,Customer_39,customer39@example.com,Nagpur
40,Customer_40,customer40@example.com,Mumbai
41,Customer_41,customer41@example.com,Delhi
42,Customer_42,customer42@example.com,Nagpur
43,Customer_43,customer43@example.com,Delhi
44,Customer_44,customer44@example.com,Mumbai
45,Customer_45,customer45@example.com,Mumbai
46,Customer_46,customer46@example.com,Nagpur
47,Customer_47,customer47@example.com,Mumbai
48,Customer_48,customer48@example.com,Bangalore
49,Customer_49,customer49@example.com,Mumbai
50,Customer_50,customer50@example.com,Delhi
51,Customer_51,customer51@example.com,Delhi
52,Customer_52,customer52@example.com,Delhi
53,Customer_53,customer53@example.com,Delhi
54,Customer_54,customer54@example.com,Bangalore
55,Customer_55,customer55@example.com,Pune
56,Customer_56,customer56@example.com,Nagpur
57,Customer_57,customer57@example.com,Delhi
58,Customer_58,customer58@example.com,Mumbai
59,Customer_59,customer59@example.com,Delhi
60,Customer_60,customer60@example.com,Mumbai
61,Customer_61,customer61@example.com,Mumbai
62,Customer_62,customer62@example.com,Delhi
63,Customer_63,customer63@example.com,Bangalore
64,Customer_64,customer64@example.com,Mumbai
65,Customer_65,customer65@example.com,Mumbai
66,Customer_66,customer66@example.com,Delhi
67,Customer_67,customer67@example.com,Mumbai
68,Customer_68,customer68@example.com,Mumbai
69,Customer_69,customer69@example.com,Delhi
70,Customer_70,customer70@example.com,Delhi
71,Customer_71,customer71@example.com,Nagpur
72,Customer_72,customer72@example.com,Bangalore
73,Customer_73,customer73@example.com,Bangalore
74,Customer_74,customer74@example.com,Mumbai
75,Customer_75,customer75@example.com,Bangalore
76,Customer_76,customer76@example.com,Mumbai
77,Customer_77,customer77@example.com,Nagpur
78,Customer_78,customer78@example.com,Delhi
79,Customer_79,customer79@example.com,Delhi
80,Customer_80,customer80@example.com,Delhi
81,Customer_81,customer81@example.com,Bangalore
82,Customer_82,customer82@example.com,Nagpur
83,Customer_83,customer83@example.com,Bangalore
84,Customer_84,customer84@example.com,Bangalore
85,Customer_85,customer85@example.com,Nagpur
86,Customer_86,customer86@example.com,Nagpur
87,Customer_87,customer87@example.com,Nagpur
88,Customer_88,customer88@example.com,Nagpur
89,Customer_89,customer89@example.com,Delhi
90,Customer_90,customer90@example.com,Pune
91,Customer_91,customer91@example.com,Pune
92,Customer_92,customer92@example.com,Nagpur
93,Customer_93,customer93@example.com,Pune
94,Customer_94,customer94@example.com,Pune
95,Customer_95,customer95@example.com,Nagpur
96,Customer_96,customer96@example.com,Pune
97,Customer_97,customer97@example.com,Bangalore
98,Customer_98,customer98@example.com,Mumbai
99,Customer_99,customer99@example.com,Mumbai
100,Customer_100,customer100@example.com,Nagpur
101,Customer_101,customer101@example.com,Delhi
102,Customer_102,customer102@example.com,Nagpur
103,Customer_103,customer103@example.com,Delhi
104,Customer_104,customer104@example.com,Mumbai
105,Customer_105,customer105@example.com,Nagpur
106,Customer_106,customer106@example.com,Bangalore
107,Customer_107,customer107@example.com,Pune
108,Customer_108,customer108@example.com,Delhi
109,Customer_109,customer109@example.com,Pune
110,Customer_110,customer110@example.com,Pune
111,Customer_111,customer111@example.com,Nagpur
112,Customer_112,customer112@example.com,Pune
113,Customer_113,customer113@example.com,Bangalore
114,Customer_114,customer114@example.com,Pune
115,Customer_115,customer115@example.com,Nagpur
116,Customer_116,customer116@example.com,Bangalore
117,Customer_117,customer117@example.com,Mumbai
118,Customer_118,customer118@example.com,Pune
119,Customer_119,customer119@example.com,Nagpur
120,Customer_120,customer120@example.com,Mumbai
121,Customer_121,customer121@example.com,Mumbai
122,Customer_122,customer122@example.com,Delhi
123,Customer_123,customer123@example.com,Bangalore
124,Customer_124,customer124@example.com,Pune
125,Customer_125,customer125@example.com,Nagpur
126,Customer_126,customer126@example.com,Delhi
127,Customer_127,customer127@example.com,Bangalore
128,Customer_128,customer128@example.com,Delhi
129,Customer_129,customer129@example.com,Bangalore
130,Customer_130,customer130@example.com,Bangalore
131,Customer_131,customer131@example.com,Pune
132,Customer_132,customer132@example.com,Bangalore
133,Customer_133,customer133@example.com,Delhi
134,Customer_134,customer134@example.com,Bangalore
135,Customer_135,customer135@example.com,Pune
136,Customer_136,customer136@example.com,Pune
137,Customer_137,customer137@example.com,Delhi
138,Customer_138,customer138@example.com,Mumbai
139,Customer_139,customer139@example.com,Mumbai
140,Customer_140,customer140@example.com,Bangalore
141,Customer_141,customer141@example.com,Nagpur
142,Customer_142,customer142@example.com,Bangalore
143,Customer_143,customer143@example.com,Delhi
144,Customer_144,customer144@example.com,Delhi
145,Customer_145,customer145@example.com,Delhi
146,Customer_146,customer146@example.com,Delhi
147,Customer_147,customer147@example.com,Delhi
148,Customer_148,customer148@example.com,Pune
149,Customer_149,customer149@example.com,Mumbai
150,Customer_150,customer150@example.com,Delhi
151,Customer_151,customer151@example.com,Nagpur
152,Customer_152,customer152@example.com,Nagpur
153,Customer_153,customer153@example.com,Nagpur
154,Customer_154,customer154@example.com,Nagpur
155,Customer_155,customer155@example.com,Pune
156,Customer_156,customer156@example.com,Nagpur
157,Customer_157,customer157@example.com,Delhi
158,Customer_158,customer158@example.com,Bangalore
159,Customer_159,customer159@example.com,Nagpur
160,Customer_160,customer160@example.com,Pune
161,Customer_161,customer161@example.com,Pune
162,Customer_162,customer162@example.com,Nagpur
163,Customer_163,customer163@example.com,Bangalore
164,Customer_164,customer164@example.com,Nagpur
165,Customer_165,customer165@example.com,Pune
166,Customer_166,customer166@example.com,Mumbai
167,Customer_167,customer167@example.com,Delhi
168,Customer_168,customer168@example.com,Pune
169,Customer_169,customer169@example.com,Nagpur
170,Customer_170,customer170@example.com,Delhi
171,Customer_171,customer171@example.com,Nagpur
172,Customer_172,customer172@example.com,Nagpur
173,Customer_173,customer173@example.com,Mumbai
174,Customer_174,customer174@example.com,Delhi
175,Customer_175,customer175@example.com,Delhi
176,Customer_176,customer176@example.com,Mumbai
177,Customer_177,customer177@example.com,Pune
178,Customer_178,customer178@example.com,Nagpur
179,Customer_179,customer179@example.com,Bangalore
180,Customer_180,customer180@example.com,Nagpur
181,Customer_181,customer181@example.com,Nagpur
182,Customer_182,customer182@example.com,Pune
183,Customer_183,customer183@example.com,Nagpur
184,Customer_184,customer184@example.com,Mumbai
185,Customer_185,customer185@example.com,Mumbai
186,Customer_186,customer186@example.com,Delhi
187,Customer_187,customer187@example.com,Bangalore
188,Customer_188,customer188@example.com,Nagpur
189,Customer_189,customer189@example.com,Nagpur
190,Customer_190,customer190@example.com,Pune
191,Customer_191,customer191@example.com,Mumbai
192,Customer_192,customer192@example.com,Bangalore
193,Customer_193,customer193@example.com,Delhi
194,Customer_194,customer194@example.com,Mumbai
195,Customer_195,customer195@example.com,Delhi
196,Customer_196,customer196@example.com,Pune
197,Customer_197,customer197@example.com,Pune
198,Customer_198,customer198@example.com,Nagpur
199,Customer_199,customer199@example.com,Bangalore
200,Customer_200,customer200@example.com,Delhi
201,Customer_201,customer201@example.com,Mumbai
202,Customer_202,customer202@example.com,Pune
203,Customer_203,customer203@example.com,Nagpur
204,Customer_204,customer204@example.com,Nagpur
205,Customer_205,customer205@example.com,Delhi
206,Customer_206,customer206@example.com,Pune
207,Customer_207,customer207@example.com,Bangalore
208,Customer_208,customer208@example.com,Pune
209,Customer_209,customer209@example.com,Delhi
210,Customer_210,customer210@example.com,Delhi
211,Customer_211,customer211@example.com,Pune
212,Customer_212,customer212@example.com,Delhi
213,Customer_213,customer213@example.com,Pune
214,Customer_214,customer214@example.com,Mumbai
215,Customer_215,customer215@example.com,Pune
216,Customer_216,customer216@example.com,Pune
217,Customer_217,customer217@example.com,Delhi
218,Customer_218,customer218@example.com,Delhi
219,Customer_219,customer219@example.com,Nagpur
220,Customer_220,customer220@example.com,Nagpur
221,Customer_221,customer221@example.com,Mumbai
222,Customer_222,customer222@example.com,Nagpur
223,Customer_223,customer223@example.com,Pune
224,Customer_224,customer224@example.com,Delhi
225,Customer_225,customer225@example.com,Nagpur
226,Customer_226,customer226@example.com,Nagpur
227,Customer_227,customer227@example.com,Mumbai
228,Customer_228,customer228@example.com,Mumbai
229,Customer_229,customer229@example.com,Pune
230,Customer_230,customer230@example.com,Delhi
231,Customer_231,customer231@example.com,Mumbai
232,Customer_232,customer232@example.com,Nagpur
233,Customer_233,customer233@example.com,Delhi
234,Customer_234,customer234@example.com,Delhi
235,Customer_235,customer235@example.com,Nagpur
236,Customer_236,customer236@example.com,Mumbai
237,Customer_237,customer237@example.com,Nagpur
238,Customer_238,customer238@example.com,Delhi
239,Customer_239,customer239@example.com,Bangalore
240,Customer_240,customer240@example.com,Bangalore
241,Customer_241,customer241@example.com,Pune
242,Customer_242,customer242@example.com,Nagpur
243,Customer_243,customer243@example.com,Nagpur
244,Customer_244,customer244@example.com,Pune
245,Customer_245,customer245@example.com,Pune
246,Customer_246,customer246@example.com,Pune
247,Customer_247,customer247@example.com,Delhi
248,Customer_248,customer248@example.com,Nagpur
249,Customer_249,customer249@example.com,Delhi
250,Customer_250,customer250@example.com,Pune
251,Customer_251,customer251@example.com,Nagpur
252,Customer_252,customer252@example.com,Delhi
253,Customer_253,customer253@example.com,Delhi
254,Customer_254,customer254@example.com,Pune
255,Customer_255,customer255@example.com,Nagpur
256,Customer_256,customer256@example.com,Pune
257,Customer_257,customer257@example.com,Nagpur
258,Customer_258,customer258@example.com,Bangalore
259,Customer_259,customer259@example.com,Mumbai
260,Customer_260,customer260@example.com,Mumbai
261,Customer_261,customer261@example.com,Mumbai
262,Customer_262,customer262@example.com,Pune
263,Customer_263,customer263@example.com,Bangalore
264,Customer_264,customer264@example.com,Nagpur
265,Customer_265,customer265@example.com,Delhi
266,Customer_266,customer266@example.com,Nagpur
267,Customer_267,customer267@example.com,Delhi
268,Customer_268,customer268@example.com,Nagpur
269,Customer_269,customer269@example.com,Bangalore
270,Customer_270,customer270@example.com,Delhi
271,Customer_271,customer271@example.com,Pune
272,Customer_272,customer272@example.com,Nagpur
273,Customer_273,customer273@example.com,Nagpur
274,Customer_274,customer274@example.com,Delhi
275,Customer_275,customer275@example.com,Pune
276,Customer_276,customer276@example.com,Pune
277,Customer_277,customer277@example.com,Bangalore
278,Customer_278,customer278@example.com,Pune
279,Customer_279,customer279@example.com,Pune
280,Customer_280,customer280@example.com,Pune
281,Customer_281,customer281@example.com,Mumbai
282,Customer_282,customer282@example.com,Bangalore
283,Customer_283,customer283@example.com,Nagpur
284,Customer_284,customer284@example.com,Delhi
285,Customer_285,customer285@example.com,Nagpur
286,Customer_286,customer286@example.com,Bangalore
287,Customer_287,customer287@example.com,Delhi
288,Customer_288,customer288@example.com,Bangalore
289,Customer_289,customer289@example.com,Pune
290,Customer_290,customer290@example.com,Delhi
291,Customer_291,customer291@example.com,Pune
292,Customer_292,customer292@example.com,Nagpur
293,Customer_293,customer293@example.com,Nagpur
294,Customer_294,customer294@example.com,Delhi
295,Customer_295,customer295@example.com,Delhi
296,Customer_296,customer296@example.com,Bangalore
297,Customer_297,customer297@example.com,Bangalore
298,Customer_298,customer298@example.com,Pune
299,Customer_299,customer299@example.com,Delhi
300,Customer_300,customer300@example.com,Nagpur
301,Customer_301,customer301@example.com,Bangalore
302,Customer_302,customer302@example.com,Bangalore
303,Customer_303,customer303@example.com,Nagpur
304,Customer_304,customer304@example.com,Bangalore
305,Customer_305,customer305@example.com,Pune
306,Customer_306,customer306@example.com,Delhi
307,Customer_307,customer307@example.com,Nagpur
308,Customer_308,customer308@example.com,Delhi
309,Customer_309,customer309@example.com,Bangalore
310,Customer_310,customer310@example.com,Bangalore
311,Customer_311,customer311@example.com,Nagpur
312,Customer_312,customer312@example.com,Pune
313,Customer_313,customer313@example.com,Mumbai
314,Customer_314,customer314@example.com,Nagpur
315,Customer_315,customer315@example.com,Mumbai
316,Customer_316,customer316@example.com,Mumbai
317,Customer_317,customer317@example.com,Pune
318,Customer_318,customer318@example.com,Mumbai
319,Customer_319,customer319@example.com,Mumbai
320,Customer_320,customer320@example.com,Pune
321,Customer_321,customer321@example.com,Mumbai
322,Customer_322,customer322@example.com,Mumbai
323,Customer_323,customer323@example.com,Mumbai
324,Customer_324,customer324@example.com,Nagpur
325,Customer_325,customer325@example.com,Nagpur
326,Customer_326,customer326@example.com,Nagpur
327,Customer_327,customer327@example.com,Pune
328,Customer_328,customer328@example.com,Bangalore
329,Customer_329,customer329@example.com,Mumbai
330,Customer_330,customer330@example.com,Mumbai
331,Customer_331,customer331@example.com,Pune
332,Customer_332,customer332@example.com,Mumbai
333,Customer_333,customer333@example.com,Nagpur
334,Customer_334,customer334@example.com,Bangalore
335,Customer_335,customer335@example.com,Delhi
336,Customer_336,customer336@example.com,Mumbai
337,Customer_337,customer337@example.com,Nagpur
338,Customer_338,customer338@example.com,Delhi
339,Customer_339,customer339@example.com,Bangalore
340,Customer_340,customer340@example.com,Delhi
341,Customer_341,customer341@example.com,Nagpur
342,Customer_342,customer342@example.com,Delhi
343,Customer_343,customer343@example.com,Pune
344,Customer_344,customer344@example.com,Delhi
345,Customer_345,customer345@example.com,Mumbai
346,Customer_346,customer346@example.com,Mumbai
347,Customer_347,customer347@example.com,Pune
348,Customer_348,customer348@example.com,Nagpur
349,Customer_349,customer349@example.com,Mumbai
350,Customer_350,customer350@example.com,Bangalore
351,Customer_351,customer351@example.com,Mumbai
352,Customer_352,customer352@example.com,Mumbai
353,Customer_353,customer353@example.com,Nagpur
354,Customer_354,customer354@example.com,Delhi
355,Customer_355,customer355@example.com,Mumbai
356,Customer_356,customer356@example.com,Pune
357,Customer_357,customer357@example.com,Delhi
358,Customer_358,customer358@example.com,Bangalore
359,Customer_359,customer359@example.com,Nagpur
360,Customer_360,customer360@example.com,Bangalore
361,Customer_361,customer361@example.com,Delhi
362,Customer_362,customer362@example.com,Delhi
363,Customer_363,customer363@example.com,Delhi
364,Customer_364,customer364@example.com,Bangalore
365,Customer_365,customer365@example.com,Delhi
366,Customer_366,customer366@example.com,Bangalore
367,Customer_367,customer367@example.com,Delhi
368,Customer_368,customer368@example.com,Pune
369,Customer_369,customer369@example.com,Delhi
370,Customer_370,customer370@example.com,Bangalore
371,Customer_371,customer371@example.com,Mumbai
372,Customer_372,customer372@example.com,Delhi
373,Customer_373,customer373@example.com,Mumbai
374,Customer_374,customer374@example.com,Pune
375,Customer_375,customer375@example.com,Nagpur
376,Customer_376,customer376@example.com,Pune
377,Customer_377,customer377@example.com,Delhi
378,Customer_378,customer378@example.com,Mumbai
379,Customer_379,customer379@example.com,Mumbai
380,Customer_380,customer380@example.com,Bangalore
381,Customer_381,customer381@example.com,Mumbai
382,Customer_382,customer382@example.com,Bangalore
383,Customer_383,customer383@example.com,Nagpur
384,Customer_384,customer384@example.com,Delhi
385,Customer_385,customer385@example.com,Bangalore
386,Customer_386,customer386@example.com,Nagpur
387,Customer_387,customer387@example.com,Mumbai
388,Customer_388,customer388@example.com,Mumbai
389,Customer_389,customer389@example.com,Nagpur
390,Customer_390,customer390@example.com,Mumbai
391,Customer_391,customer391@example.com,Nagpur
392,Customer_392,customer392@example.com,Bangalore
393,Customer_393,customer393@example.com,Bangalore
394,Customer_394,customer394@example.com,Nagpur
395,Customer_395,customer395@example.com,Bangalore
396,Customer_396,customer396@example.com,Bangalore
397,Customer_397,customer397@example.com,Bangalore
398,Customer_398,customer398@example.com,Pune
399,Customer_399,customer399@example.com,Delhi
400,Customer_400,customer400@example.com,Mumbai
401,Customer_401,customer401@example.com,Pune
402,Customer_402,customer402@example.com,Bangalore
403,Customer_403,customer403@example.com,Nagpur
404,Customer_404,customer404@example.com,Bangalore
405,Customer_405,customer405@example.com,Delhi
406,Customer_406,customer406@example.com,Bangalore
407,Customer_407,customer407@example.com,Nagpur
408,Customer_408,customer408@example.com,Delhi
409,Customer_409,customer409@example.com,Bangalore
410,Customer_410,customer410@example.com,Delhi
411,Customer_411,customer411@example.com,Mumbai
412,Customer_412,customer412@example.com,Mumbai
413,Customer_413,customer413@example.com,Bangalore
414,Customer_414,customer414@example.com,Delhi
415,Customer_415,customer415@example.com,Nagpur
416,Customer_416,customer416@example.com,Bangalore
417,Customer_417,customer417@example.com,Mumbai
418,Customer_418,customer418@example.com,Mumbai
419,Customer_419,customer419@example.com,Bangalore
420,Customer_420,customer420@example.com,Delhi
421,Customer_421,customer421@example.com,Mumbai
422,Customer_422,customer422@example.com,Delhi
423,Customer_423,customer423@example.com,Mumbai
424,Customer_424,customer424@example.com,Mumbai
425,Customer_425,customer425@example.com,Pune
426,Customer_426,customer426@example.com,Mumbai
427,Customer_427,customer427@example.com,Nagpur
428,Customer_428,customer428@example.com,Bangalore
429,Customer_429,customer429@example.com,Bangalore
430,Customer_430,customer430@example.com,Delhi
431,Customer_431,customer431@example.com,Mumbai
432,Customer_432,customer432@example.com,Nagpur
433,Customer_433,customer433@example.com,Delhi
434,Customer_434,customer434@example.com,Pune
435,Customer_435,customer435@example.com,Delhi
436,Customer_436,customer436@example.com,Delhi
437,Customer_437,customer437@example.com,Mumbai
438,Customer_438,customer438@example.com,Pune
439,Customer_439,customer439@example.com,Delhi
440,Customer_440,customer440@example.com,Nagpur
441,Customer_441,customer441@example.com,Nagpur
442,Customer_442,customer442@example.com,Bangalore
443,Customer_443,customer443@example.com,Pune
444,Customer_444,customer444@example.com,Pune
445,Customer_445,customer445@example.com,Bangalore
446,Customer_446,customer446@example.com,Delhi
447,Customer_447,customer447@example.com,Pune
448,Customer_448,customer448@example.com,Nagpur
449,Customer_449,customer449@example.com,Nagpur
450,Customer_450,customer450@example.com,Mumbai
451,Customer_451,customer451@example.com,Pune
452,Customer_452,customer452@example.com,Delhi
453,Customer_453,customer453@example.com,Bangalore
454,Customer_454,customer454@example.com,Bangalore
455,Customer_455,customer455@example.com,Delhi
456,Customer_456,customer456@example.com,Mumbai
457,Customer_457,customer457@example.com,Bangalore
458,Customer_458,customer458@example.com,Pune
459,Customer_459,customer459@example.com,Mumbai
460,Customer_460,customer460@example.com,Pune
461,Customer_461,customer461@example.com,Nagpur
462,Customer_462,customer462@example.com,Mumbai
463,Customer_463,customer463@example.com,Bangalore
464,Customer_464,customer464@example.com,Mumbai
465,Customer_465,customer465@example.com,Mumbai
466,Customer_466,customer466@example.com,Mumbai
467,Customer_467,customer467@example.com,Mumbai
468,Customer_468,customer468@example.com,Pune
469,Customer_469,customer469@example.com,Nagpur
470,Customer_470,customer470@example.com,Delhi
471,Customer_471,customer471@example.com,Mumbai
472,Customer_472,customer472@example.com,Bangalore
473,Customer_473,customer473@example.com,Mumbai
474,Customer_474,customer474@example.com,Bangalore
475,Customer_475,customer475@example.com,Pune
476,Customer_476,customer476@example.com,Bangalore
477,Customer_477,customer477@example.com,Delhi
478,Customer_478,customer478@example.com,Nagpur
479,Customer_479,customer479@example.com,Bangalore
480,Customer_480,customer480@example.com,Bangalore
481,Customer_481,customer481@example.com,Nagpur
482,Customer_482,customer482@example.com,Delhi
483,Customer_483,customer483@example.com,Mumbai
484,Customer_484,customer484@example.com,Bangalore
485,Customer_485,customer485@example.com,Nagpur
486,Customer_486,customer486@example.com,Pune
487,Customer_487,customer487@example.com,Nagpur
488,Customer_488,customer488@example.com,Pune
489,Customer_489,customer489@example.com,Delhi
490,Customer_490,customer490@example.com,Mumbai
491,Customer_491,customer491@example.com,Nagpur
492,Customer_492,customer492@example.com,Bangalore
493,Customer_493,customer493@example.com,Delhi
494,Customer_494,customer494@example.com,Nagpur
495,Customer_495,customer495@example.com,Bangalore
496,Customer_496,customer496@example.com,Nagpur
497,Customer_497,customer497@example.com,Pune
498,Customer_498,customer498@example.com,Nagpur
499,Customer_499,customer499@example.com,Nagpur
500,Customer_500,customer500@example.com,Nagpur
501,Customer_501,customer501@example.com,Delhi
502,Customer_502,customer502@example.com,Nagpur
503,Customer_503,customer503@example.com,Bangalore
504,Customer_504,customer504@example.com,Pune
505,Customer_505,customer505@example.com,Pune
506,Customer_506,customer506@example.com,Nagpur
507,Customer_507,customer507@example.com,Delhi
508,Customer_508,customer508@example.com,Delhi
509,Customer_509,customer509@example.com,Bangalore
510,Customer_510,customer510@example.com,Nagpur
511,Customer_511,customer511@example.com,Pune
512,Customer_512,customer512@example.com,Delhi
513,Customer_513,customer513@example.com,Nagpur
514,Customer_514,customer514@example.com,Delhi
515,Customer_515,customer515@example.com,Delhi
516,Customer_516,customer516@example.com,Pune
517,Customer_517,customer517@example.com,Mumbai
518,Customer_518,customer518@example.com,Bangalore
519,Customer_519,customer519@example.com,Bangalore
520,Customer_520,customer520@example.com,Pune
521,Customer_521,customer521@example.com,Delhi
522,Customer_522,customer522@example.com,Nagpur
523,Customer_523,customer523@example.com,Delhi
524,Customer_524,customer524@example.com,Pune
525,Customer_525,customer525@example.com,Bangalore
526,Customer_526,customer526@example.com,Delhi
527,Customer_527,customer527@example.com,Bangalore
528,Customer_528,customer528@example.com,Nagpur
529,Customer_529,customer529@example.com,Bangalore
530,Customer_530,customer530@example.com,Bangalore
531,Customer_531,customer531@example.com,Mumbai
532,Customer_532,customer532@example.com,Mumbai
533,Customer_533,customer533@example.com,Mumbai
534,Customer_534,customer534@example.com,Bangalore
535,Customer_535,customer535@example.com,Pune
536,Customer_536,customer536@example.com,Bangalore
537,Customer_537,customer537@example.com,Pune
538,Customer_538,customer538@example.com,Pune
539,Customer_539,customer539@example.com,Mumbai
540,Customer_540,customer540@example.com,Delhi
541,Customer_541,customer541@example.com,Nagpur
542,Customer_542,customer542@example.com,Mumbai
543,Customer_543,customer543@example.com,Mumbai
544,Customer_544,customer544@example.com,Delhi
545,Customer_545,customer545@example.com,Nagpur
546,Customer_546,customer546@example.com,Bangalore
547,Customer_547,customer547@example.com,Bangalore
548,Customer_548,customer548@example.com,Mumbai
549,Customer_549,customer549@example.com,Nagpur
550,Customer_550,customer550@example.com,Mumbai
551,Customer_551,customer551@example.com,Pune
552,Customer_552,customer552@example.com,Mumbai
553,Customer_553,customer553@example.com,Mumbai
554,Customer_554,customer554@example.com,Bangalore
555,Customer_555,customer555@example.com,Bangalore
556,Customer_556,customer556@example.com,Bangalore
557,Customer_557,customer557@example.com,Pune
558,Customer_558,customer558@example.com,Bangalore
559,Customer_559,customer559@example.com,Nagpur
560,Customer_560,customer560@example.com,Delhi
561,Customer_561,customer561@example.com,Nagpur
562,Customer_562,customer562@example.com,Nagpur
563,Customer_563,customer563@example.com,Bangalore
564,Customer_564,customer564@example.com,Delhi
565,Customer_565,customer565@example.com,Delhi
566,Customer_566,customer566@example.com,Delhi
567,Customer_567,customer567@example.com,Pune
568,Customer_568,customer568@example.com,Bangalore
569,Customer_569,customer569@example.com,Delhi
570,Customer_570,customer570@example.com,Pune
571,Customer_571,customer571@example.com,Mumbai
572,Customer_572,customer572@example.com,Mumbai
573,Customer_573,customer573@example.com,Pune
574,Customer_574,customer574@example.com,Pune
575,Customer_575,customer575@example.com,Bangalore
576,Customer_576,customer576@example.com,Bangalore
577,Customer_577,customer577@example.com,Mumbai
578,Customer_578,customer578@example.com,Delhi
579,Customer_579,customer579@example.com,Mumbai
580,Customer_580,customer580@example.com,Delhi
581,Customer_581,customer581@example.com,Delhi
582,Customer_582,customer582@example.com,Bangalore
583,Customer_583,customer583@example.com,Nagpur
584,Customer_584,customer584@example.com,Nagpur
585,Customer_585,customer585@example.com,Pune
586,Customer_586,customer586@example.com,Bangalore
587,Customer_587,customer587@example.com,Delhi
588,Customer_588,customer588@example.com,Nagpur
589,Customer_589,customer589@example.com,Delhi
590,Customer_590,customer590@example.com,Nagpur
591,Customer_591,customer591@example.com,Nagpur
592,Customer_592,customer592@example.com,Nagpur
593,Customer_593,customer593@example.com,Bangalore
594,Customer_594,customer594@example.com,Mumbai
595,Customer_595,customer595@example.com,Delhi
596,Customer_596,customer596@example.com,Bangalore
597,Customer_597,customer597@example.com,Bangalore
598,Customer_598,customer598@example.com,Bangalore
599,Customer_599,customer599@example.com,Bangalore
600,Customer_600,customer600@example.com,Bangalore
601,Customer_601,customer601@example.com,Pune
602,Customer_602,customer602@example.com,Delhi
603,Customer_603,customer603@example.com,Bangalore
604,Customer_604,customer604@example.com,Delhi
605,Customer_605,customer605@example.com,Pune
606,Customer_606,customer606@example.com,Pune
607,Customer_607,customer607@example.com,Delhi
608,Customer_608,customer608@example.com,Nagpur
609,Customer_609,customer609@example.com,Mumbai
610,Customer_610,customer610@example.com,Nagpur
611,Customer_611,customer611@example.com,Nagpur
612,Customer_612,customer612@example.com,Nagpur
613,Customer_613,customer613@example.com,Bangalore
614,Customer_614,customer614@example.com,Pune
615,Customer_615,customer615@example.com,Nagpur
616,Customer_616,customer616@example.com,Pune
617,Customer_617,customer617@example.com,Delhi
618,Customer_618,customer618@example.com,Mumbai
619,Customer_619,customer619@example.com,Delhi
620,Customer_620,customer620@example.com,Delhi
621,Customer_621,customer621@example.com,Bangalore
622,Customer_622,customer622@example.com,Mumbai
623,Customer_623,customer623@example.com,Delhi
624,Customer_624,customer624@example.com,Delhi
625,Customer_625,customer625@example.com,Mumbai
626,Customer_626,customer626@example.com,Mumbai
627,Customer_627,customer627@example.com,Delhi
628,Customer_628,customer628@example.com,Mumbai
629,Customer_629,customer629@example.com,Delhi
630,Customer_630,customer630@example.com,Delhi
631,Customer_631,customer631@example.com,Bangalore
632,Customer_632,customer632@example.com,Nagpur
633,Customer_633,customer633@example.com,Delhi
634,Customer_634,customer634@example.com,Pune
635,Customer_635,customer635@example.com,Nagpur
636,Customer_636,customer636@example.com,Nagpur
637,Customer_637,customer637@example.com,Nagpur
638,Customer_638,customer638@example.com,Bangalore
639,Customer_639,customer639@example.com,Delhi
640,Customer_640,customer640@example.com,Bangalore
641,Customer_641,customer641@example.com,Delhi
642,Customer_642,customer642@example.com,Bangalore
643,Customer_643,customer643@example.com,Bangalore
644,Customer_644,customer644@example.com,Pune
645,Customer_645,customer645@example.com,Bangalore
646,Customer_646,customer646@example.com,Mumbai
647,Customer_647,customer647@example.com,Pune
648,Customer_648,customer648@example.com,Bangalore
649,Customer_649,customer649@example.com,Nagpur
650,Customer_650,customer650@example.com,Mumbai
651,Customer_651,customer651@example.com,Mumbai
652,Customer_652,customer652@example.com,Mumbai
653,Customer_653,customer653@example.com,Pune
654,Customer_654,customer654@example.com,Bangalore
655,Customer_655,customer655@example.com,Bangalore
656,Customer_656,customer656@example.com,Nagpur
657,Customer_657,customer657@example.com,Nagpur
658,Customer_658,customer658@example.com,Mumbai
659,Customer_659,customer659@example.com,Nagpur
660,Customer_660,customer660@example.com,Pune
661,Customer_661,customer661@example.com,Bangalore
662,Customer_662,customer662@example.com,Mumbai
663,Customer_663,customer663@example.com,Nagpur
664,Customer_664,customer664@example.com,Pune
665,Customer_665,customer665@example.com,Pune
666,Customer_666,customer666@example.com,Nagpur
667,Customer_667,customer667@example.com,Bangalore
668,Customer_668,customer668@example.com,Nagpur
669,Customer_669,customer669@example.com,Mumbai
670,Customer_670,customer670@example.com,Nagpur
671,Customer_671,customer671@example.com,Pune
672,Customer_672,customer672@example.com,Nagpur
673,Customer_673,customer673@example.com,Bangalore
674,Customer_674,customer674@example.com,Delhi
675,Customer_675,customer675@example.com,Nagpur
676,Customer_676,customer676@example.com,Bangalore
677,Customer_677,customer677@example.com,Bangalore
678,Customer_678,customer678@example.com,Pune
679,Customer_679,customer679@example.com,Bangalore
680,Customer_680,customer680@example.com,Bangalore
681,Customer_681,customer681@example.com,Bangalore
682,Customer_682,customer682@example.com,Bangalore
683,Customer_683,customer683@example.com,Mumbai
684,Customer_684,customer684@example.com,Mumbai
685,Customer_685,customer685@example.com,Pune
686,Customer_686,customer686@example.com,Nagpur
687,Customer_687,customer687@example.com,Bangalore
688,Customer_688,customer688@example.com,Nagpur
689,Customer_689,customer689@example.com,Nagpur
690,Customer_690,customer690@example.com,Pune
691,Customer_691,customer691@example.com,Bangalore
692,Customer_692,customer692@example.com,Bangalore
693,Customer_693,customer693@example.com,Delhi
694,Customer_694,customer694@example.com,Nagpur
695,Customer_695,customer695@example.com,Nagpur
696,Customer_696,customer696@example.com,Mumbai
697,Customer_697,customer697@example.com,Delhi
698,Customer_698,customer698@example.com,Mumbai
699,Customer_699,customer699@example.com,Mumbai
700,Customer_700,customer700@example.com,Mumbai
701,Customer_701,customer701@example.com,Pune
702,Customer_702,customer702@example.com,Pune
703,Customer_703,customer703@example.com,Mumbai
704,Customer_704,customer704@example.com,Delhi
705,Customer_705,customer705@example.com,Nagpur
706,Customer_706,customer706@example.com,Delhi
707,Customer_707,customer707@example.com,Bangalore
708,Customer_708,customer708@example.com,Pune
709,Customer_709,customer709@example.com,Nagpur
710,Customer_710,customer710@example.com,Nagpur
711,Customer_711,customer711@example.com,Bangalore
712,Customer_712,customer712@example.com,Bangalore
713,Customer_713,customer713@example.com,Mumbai
714,Customer_714,customer714@example.com,Pune
715,Customer_715,customer715@example.com,Pune
716,Customer_716,customer716@example.com,Delhi
717,Customer_717,customer717@example.com,Mumbai
718,Customer_718,customer718@example.com,Mumbai
719,Customer_719,customer719@example.com,Mumbai
720,Customer_720,customer720@example.com,Mumbai
721,Customer_721,customer721@example.com,Pune
722,Customer_722,customer722@example.com,Pune
723,Customer_723,customer723@example.com,Mumbai
724,Customer_724,customer724@example.com,Delhi
725,Customer_725,customer725@example.com,Nagpur
726,Customer_726,customer726@example.com,Nagpur
727,Customer_727,customer727@example.com,Delhi
728,Customer_728,customer728@example.com,Mumbai
729,Customer_729,customer729@example.com,Pune
730,Customer_730,customer730@example.com,Nagpur
731,Customer_731,customer731@example.com,Bangalore
732,Customer_732,customer732@example.com,Bangalore
733,Customer_733,customer733@example.com,Delhi
734,Customer_734,customer734@example.com,Mumbai
735,Customer_735,customer735@example.com,Nagpur
736,Customer_736,customer736@example.com,Mumbai
737,Customer_737,customer737@example.com,Nagpur
738,Customer_738,customer738@example.com,Delhi
739,Customer_739,customer739@example.com,Delhi
740,Customer_740,customer740@example.com,Bangalore
741,Customer_741,customer741@example.com,Mumbai
742,Customer_742,customer742@example.com,Bangalore
743,Customer_743,customer743@example.com,Mumbai
744,Customer_744,customer744@example.com,Bangalore
745,Customer_745,customer745@example.com,Pune
746,Customer_746,customer746@example.com,Pune
747,Customer_747,customer747@example.com,Pune
748,Customer_748,customer748@example.com,Pune
749,Customer_749,customer749@example.com,Nagpur
750,Customer_750,customer750@example.com,Pune
751,Customer_751,customer751@example.com,Delhi
752,Customer_752,customer752@example.com,Delhi
753,Customer_753,customer753@example.com,Nagpur
754,Customer_754,customer754@example.com,Pune
755,Customer_755,customer755@example.com,Pune
756,Customer_756,customer756@example.com,Pune
757,Customer_757,customer757@example.com,Bangalore
758,Customer_758,customer758@example.com,Mumbai
759,Customer_759,customer759@example.com,Bangalore
760,Customer_760,customer760@example.com,Mumbai
761,Customer_761,customer761@example.com,Pune
762,Customer_762,customer762@example.com,Pune
763,Customer_763,customer763@example.com,Bangalore
764,Customer_764,customer764@example.com,Bangalore
765,Customer_765,customer765@example.com,Mumbai
766,Customer_766,customer766@example.com,Delhi
767,Customer_767,customer767@example.com,Mumbai
768,Customer_768,customer768@example.com,Bangalore
769,Customer_769,customer769@example.com,Bangalore
770,Customer_770,customer770@example.com,Nagpur
771,Customer_771,customer771@example.com,Bangalore
772,Customer_772,customer772@example.com,Nagpur
773,Customer_773,customer773@example.com,Delhi
774,Customer_774,customer774@example.com,Mumbai
775,Customer_775,customer775@example.com,Mumbai
776,Customer_776,customer776@example.com,Nagpur
777,Customer_777,customer777@example.com,Mumbai
778,Customer_778,customer778@example.com,Bangalore
779,Customer_779,customer779@example.com,Pune
780,Customer_780,customer780@example.com,Nagpur
781,Customer_781,customer781@example.com,Mumbai
782,Customer_782,customer782@example.com,Nagpur
783,Customer_783,customer783@example.com,Nagpur
784,Customer_784,customer784@example.com,Pune
785,Customer_785,customer785@example.com,Bangalore
786,Customer_786,customer786@example.com,Nagpur
787,Customer_787,customer787@example.com,Mumbai
788,Customer_788,customer788@example.com,Delhi
789,Customer_789,customer789@example.com,Nagpur
790,Customer_790,customer790@example.com,Nagpur
791,Customer_791,customer791@example.com,Pune
792,Customer_792,customer792@example.com,Bangalore
793,Customer_793,customer793@example.com,Delhi
794,Customer_794,customer794@example.com,Mumbai
795,Customer_795,customer795@example.com,Delhi
796,Customer_796,customer796@example.com,Mumbai
797,Customer_797,customer797@example.com,Bangalore
798,Customer_798,customer798@example.com,Mumbai
799,Customer_799,customer799@example.com,Pune
800,Customer_800,customer800@example.com,Pune
801,Customer_801,customer801@example.com,Pune
802,Customer_802,customer802@example.com,Pune
803,Customer_803,customer803@example.com,Delhi
804,Customer_804,customer804@example.com,Bangalore
805,Customer_805,customer805@example.com,Mumbai
806,Customer_806,customer806@example.com,Mumbai
807,Customer_807,customer807@example.com,Pune
808,Customer_808,customer808@example.com,Pune
809,Customer_809,customer809@example.com,Nagpur
810,Customer_810,customer810@example.com,Bangalore
811,Customer_811,customer811@example.com,Delhi
812,Customer_812,customer812@example.com,Mumbai
813,Customer_813,customer813@example.com,Nagpur
814,Customer_814,customer814@example.com,Nagpur
815,Customer_815,customer815@example.com,Mumbai
816,Customer_816,customer816@example.com,Delhi
817,Customer_817,customer817@example.com,Nagpur
818,Customer_818,customer818@example.com,Nagpur
819,Customer_819,customer819@example.com,Bangalore
820,Customer_820,customer820@example.com,Delhi
821,Customer_821,customer821@example.com,Nagpur
822,Customer_822,customer822@example.com,Delhi
823,Customer_823,customer823@example.com,Mumbai
824,Customer_824,customer824@example.com,Pune
825,Customer_825,customer825@example.com,Nagpur
826,Customer_826,customer826@example.com,Bangalore
827,Customer_827,customer827@example.com,Mumbai
828,Customer_828,customer828@example.com,Delhi
829,Customer_829,customer829@example.com,Mumbai
830,Customer_830,customer830@example.com,Nagpur
831,Customer_831,customer831@example.com,Delhi
832,Customer_832,customer832@example.com,Pune
833,Customer_833,customer833@example.com,Mumbai
834,Customer_834,customer834@example.com,Nagpur
835,Customer_835,customer835@example.com,Bangalore
836,Customer_836,customer836@example.com,Delhi
837,Customer_837,customer837@example.com,Mumbai
838,Customer_838,customer838@example.com,Mumbai
839,Customer_839,customer839@example.com,Pune
840,Customer_840,customer840@example.com,Pune
841,Customer_841,customer841@example.com,Bangalore
842,Customer_842,customer842@example.com,Bangalore
843,Customer_843,customer843@example.com,Nagpur
844,Customer_844,customer844@example.com,Nagpur
845,Customer_845,customer845@example.com,Bangalore
846,Customer_846,customer846@example.com,Bangalore
847,Customer_847,customer847@example.com,Delhi
848,Customer_848,customer848@example.com,Pune
849,Customer_849,customer849@example.com,Nagpur
850,Customer_850,customer850@example.com,Pune
851,Customer_851,customer851@example.com,Pune
852,Customer_852,customer852@example.com,Bangalore
853,Customer_853,customer853@example.com,Delhi
854,Customer_854,customer854@example.com,Mumbai
855,Customer_855,customer855@example.com,Delhi
856,Customer_856,customer856@example.com,Delhi
857,Customer_857,customer857@example.com,Pune
858,Customer_858,customer858@example.com,Delhi
859,Customer_859,customer859@example.com,Nagpur
860,Customer_860,customer860@example.com,Pune
861,Customer_861,customer861@example.com,Nagpur
862,Customer_862,customer862@example.com,Mumbai
863,Customer_863,customer863@example.com,Pune
864,Customer_864,customer864@example.com,Mumbai
865,Customer_865,customer865@example.com,Pune
866,Customer_866,customer866@example.com,Bangalore
867,Customer_867,customer867@example.com,Delhi
868,Customer_868,customer868@example.com,Bangalore
869,Customer_869,customer869@example.com,Mumbai
870,Customer_870,customer870@example.com,Delhi
871,Customer_871,customer871@example.com,Pune
872,Customer_872,customer872@example.com,Delhi
873,Customer_873,customer873@example.com,Nagpur
874,Customer_874,customer874@example.com,Delhi
875,Customer_875,customer875@example.com,Nagpur
876,Customer_876,customer876@example.com,Delhi
877,Customer_877,customer877@example.com,Nagpur
878,Customer_878,customer878@example.com,Mumbai
879,Customer_879,customer879@example.com,Bangalore
880,Customer_880,customer880@example.com,Pune
881,Customer_881,customer881@example.com,Delhi
882,Customer_882,customer882@example.com,Bangalore
883,Customer_883,customer883@example.com,Pune
884,Customer_884,customer884@example.com,Pune
885,Customer_885,customer885@example.com,Nagpur
886,Customer_886,customer886@example.com,Mumbai
887,Customer_887,customer887@example.com,Mumbai
888,Customer_888,customer888@example.com,Bangalore
889,Customer_889,customer889@example.com,Mumbai
890,Customer_890,customer890@example.com,Delhi
891,Customer_891,customer891@example.com,Mumbai
892,Customer_892,customer892@example.com,Bangalore
893,Customer_893,customer893@example.com,Mumbai
894,Customer_894,customer894@example.com,Delhi
895,Customer_895,customer895@example.com,Nagpur
896,Customer_896,customer896@example.com,Bangalore
897,Customer_897,customer897@example.com,Nagpur
898,Customer_898,customer898@example.com,Nagpur
899,Customer_899,customer899@example.com,Nagpur
900,Customer_900,customer900@example.com,Pune
901,Customer_901,customer901@example.com,Pune
902,Customer_902,customer902@example.com,Nagpur
903,Customer_903,customer903@example.com,Bangalore
904,Customer_904,customer904@example.com,Delhi
905,Customer_905,customer905@example.com,Delhi
906,Customer_906,customer906@example.com,Mumbai
907,Customer_907,customer907@example.com,Bangalore
908,Customer_908,customer908@example.com,Pune
909,Customer_909,customer909@example.com,Nagpur
910,Customer_910,customer910@example.com,Mumbai
911,Customer_911,customer911@example.com,Delhi
912,Customer_912,customer912@example.com,Pune
913,Customer_913,customer913@example.com,Pune
914,Customer_914,customer914@example.com,Nagpur
915,Customer_915,customer915@example.com,Delhi
916,Customer_916,customer916@example.com,Bangalore
917,Customer_917,customer917@example.com,Pune
918,Customer_918,customer918@example.com,Nagpur
919,Customer_919,customer919@example.com,Bangalore
920,Customer_920,customer920@example.com,Delhi
921,Customer_921,customer921@example.com,Pune
922,Customer_922,customer922@example.com,Bangalore
923,Customer_923,customer923@example.com,Bangalore
924,Customer_924,customer924@example.com,Bangalore
925,Customer_925,customer925@example.com,Pune
926,Customer_926,customer926@example.com,Pune
927,Customer_927,customer927@example.com,Mumbai
928,Customer_928,customer928@example.com,Delhi
929,Customer_929,customer929@example.com,Nagpur
930,Customer_930,customer930@example.com,Bangalore
931,Customer_931,customer931@example.com,Mumbai
932,Customer_932,customer932@example.com,Nagpur
933,Customer_933,customer933@example.com,Mumbai
934,Customer_934,customer934@example.com,Pune
935,Customer_935,customer935@example.com,Bangalore
936,Customer_936,customer936@example.com,Nagpur
937,Customer_937,customer937@example.com,Nagpur
938,Customer_938,customer938@example.com,Nagpur
939,Customer_939,customer939@example.com,Nagpur
940,Customer_940,customer940@example.com,Nagpur
941,Customer_941,customer941@example.com,Mumbai
942,Customer_942,customer942@example.com,Bangalore
943,Customer_943,customer943@example.com,Pune
944,Customer_944,customer944@example.com,Pune
945,Customer_945,customer945@example.com,Pune
946,Customer_946,customer946@example.com,Pune
947,Customer_947,customer947@example.com,Mumbai
948,Customer_948,customer948@example.com,Delhi
949,Customer_949,customer949@example.com,Bangalore
950,Customer_950,customer950@example.com,Nagpur
951,Customer_951,customer951@example.com,Delhi
952,Customer_952,customer952@example.com,Pune
953,Customer_953,customer953@example.com,Delhi
954,Customer_954,customer954@example.com,Bangalore
955,Customer_955,customer955@example.com,Nagpur
956,Customer_956,customer956@example.com,Nagpur
957,Customer_957,customer957@example.com,Bangalore
958,Customer_958,customer958@example.com,Bangalore
959,Customer_959,customer959@example.com,Pune
960,Customer_960,customer960@example.com,Nagpur
961,Customer_961,customer961@example.com,Delhi
962,Customer_962,customer962@example.com,Mumbai
963,Customer_963,customer963@example.com,Mumbai
964,Customer_964,customer964@example.com,Bangalore
965,Customer_965,customer965@example.com,Pune
966,Customer_966,customer966@example.com,Mumbai
967,Customer_967,customer967@example.com,Nagpur
968,Customer_968,customer968@example.com,Bangalore
969,Customer_969,customer969@example.com,Delhi
970,Customer_970,customer970@example.com,Bangalore
971,Customer_971,customer971@example.com,Delhi
972,Customer_972,customer972@example.com,Bangalore
973,Customer_973,customer973@example.com,Bangalore
974,Customer_974,customer974@example.com,Bangalore
975,Customer_975,customer975@example.com,Delhi
976,Customer_976,customer976@example.com,Delhi
977,Customer_977,customer977@example.com,Bangalore
978,Customer_978,customer978@example.com,Mumbai
979,Customer_979,customer979@example.com,Pune
980,Customer_980,customer980@example.com,Pune
981,Customer_981,customer981@example.com,Pune
982,Customer_982,customer982@example.com,Delhi
983,Customer_983,customer983@example.com,Delhi
984,Customer_984,customer984@example.com,Mumbai
985,Customer_985,customer985@example.com,Pune
986,Customer_986,customer986@example.com,Pune
987,Customer_987,customer987@example.com,Bangalore
988,Customer_988,customer988@example.com,Delhi
989,Customer_989,customer989@example.com,Pune
990,Customer_990,customer990@example.com,Mumbai
991,Customer_991,customer991@example.com,Mumbai
992,Customer_992,customer992@example.com,Pune
993,Customer_993,customer993@example.com,Delhi
994,Customer_994,customer994@example.com,Mumbai
995,Customer_995,customer995@example.com,Bangalore
996,Customer_996,customer996@example.com,Mumbai
997,Customer_997,customer997@example.com,Nagpur
998,Customer_998,customer998@example.com,Nagpur
999,Customer_999,customer999@example.com,Delhi
1000,Customer_1000,customer1000@example.com,Pune
